{
  "drive": {
    "p": 1.3,
    "i": 0.0,
    "d": 0,
    "f": 0,
    "iz": 0.0
  },
  "angle": {
    "p": 0.0015462,
    "i": 0.00057516,
    "d": 0.00017793,
    "f": 0.27243,
    "iz": 0.0
  }
}
