{
  "drive": {
    "p": 1.3,
    "i": 0.0,
    "d": 0,
    "f": 0,
    "iz": 0.0
  },
  "angle": {
    "p": 0.0010789,
    "i": 0.00015852,
    "d": 0.0000065082,
    "f": 0.051775,
    "iz": 0.0
  }
}
